bq,Time,P3,C3,F3,Fz,F4,C4,P4,Cz,CM,A1,Fp1,Fp2,T3,T5,O1,others1,others2
0,0.0033,0,0,0,0,0,0,0,0,0,0,0,0,0,0,0,姓名,小A
0,0.0067,0,0,0,0,0,0,0,0,0,0,0,0,0,0,0,性别,女
1,0,0,0,0,0,0,0,0,0,0,0,0,0,0,0,0,年龄,0
0,0.0133,-0.2,-0.4,-0.7,-0.4,0.4,0.6,0.6,-0.5,-1.9,0.7,-0.6,0.2,0.2,0.4,0.6,日期,2021/11/9
0,0.0167,-1.3,-1.8,-2.4,-1.9,1.8,2.2,2.1,-1.9,-10.8,2.4,-1.1,1.4,1.2,1.7,2.2,注释,无
0,0.02,-2.5,-2.8,-2.9,-2.9,2.6,2.7,2.1,-2.7,-18.3,2.8,0.8,2.7,2.2,2.3,2.6,,
0,0.0233,-1.1,1,1.8,0.5,-1.5,-2.2,-3.1,1.6,6.6,-2.4,3.9,-0.2,-0.3,-1.6,-2.5,,
0,0.0267,5.4,10,10.8,9.1,-10,-11.4,-10.9,10.4,67,-12.2,2.5,-8.3,-7.3,-9.3,-11.6,,
0,0.03,12.7,13.7,14.4,14.5,-12.5,-13.1,-10,12.9,88.4,-14.3,-4.9,-12.9,-10.7,-10.9,-12.7,,
0,0.0333,8.7,-0.5,0.5,3.4,2.3,4.2,7.9,-2.5,-15.5,3.7,-10.3,-1.5,0,3.5,5.2,,
0,0.0367,-12.7,-27.7,-26.9,-23.7,27.6,31.3,30.6,-28.7,-197.8,32.9,-3.1,23.2,21.3,26.3,31.9,,
0,0.04,-35,-37.5,-39.3,-39.9,33.7,35.5,27.5,-35,-241.8,39.1,14.5,35,29.4,29.6,34.4,,
0,0.0433,-25.9,-1.8,-7.6,-13.1,-3,-6.9,-16.7,3.1,30.3,-4.5,22.1,5.9,1.3,-6.6,-9.5,,
0,0.0467,25.1,60.8,55.3,50,-60.5,-68.4,-67.8,62.9,450.7,-71.2,1.7,-51.5,-48.2,-58.5,-69.7,,
0,0.05,76.4,81.3,85.5,87.1,-72.8,-76.8,-59.8,75.7,524.7,-85.1,-33,-75.7,-63.8,-64.3,-74.2,,
1,0.0533,59,7.5,24.5,33.2,2.7,9.5,30.4,-2.5,-52.9,2.9,-40.3,-14.6,-4.2,10.8,14.8,,
1,0.0567,-43.3,-114.5,-99,-91.5,113.9,128.3,128.7,-118.3,-870.1,132.8,3.4,97.4,92.7,111.3,130.8,,
1,0.06,-143.5,-152.2,-160.4,-163.5,135.9,143.5,112.5,-141.6,-985.1,159.6,63.9,141.6,120.1,120.5,138.6,,
1,0.0633,-113.4,-17.7,-53.7,-66.8,-1.1,-12.5,-51.3,0.5,85.8,1.3,68.3,29.3,9.4,-16.6,-22.1,,
1,0.0667,69.8,197.3,164.4,154.4,-196.2,-220.4,-222.9,203.5,1524.4,-227.2,-14,-168.5,-162,-193.1,-224.8,,
1,0.07,246.6,260.8,275.1,281,-232.5,-245.6,-193.2,242.3,1691.5,-274.1,-112.6,-242.5,-206.5,-206.8,-237,,
1,0.0733,197.8,34.6,101.4,120.3,-2.7,15.1,81.3,4.2,-132.2,-10.1,-108.3,-52.4,-18,24.1,31.3,,
1,0.0767,-106.6,-318,-257.7,-244.8,316.1,354.6,360.9,-327.8,-2488.6,364.4,32.6,272.1,263.9,312.8,361.8,,
1,0.08,-397.1,-419.4,-442.3,-452.4,373.3,394.4,311,-389.3,-2725.2,441.1,185.7,389.8,333.3,333.1,380.6,,
1,0.0833,-321.5,-59.8,-171.9,-199,8.8,-18.1,-124.5,-11.6,197.2,24,166.5,86.5,31.1,-34.3,-43.8,,
1,0.0867,158.5,491.4,390.4,374.1,-488.5,-547.5,-559.5,506.5,3880.7,-561.3,-61.5,-421.3,-410.9,-485.3,-558.5,,
1,0.09,613.2,647,682.1,698.7,-575.4,-608,-480,600.2,4210.8,-681,-292.4,-601.2,-515.8,-514.6,-586.5,,
1,0.0933,499.7,96.3,274.3,312.8,-18.1,21.9,185.9,22.8,-289.4,-44.8,-249.6,-135.6,-50.5,48.3,61,,
0,0.0967,-231.8,-738.8,-579.5,-558.3,734.3,822.5,843.1,-761.3,-5867.8,842.2,103.6,633.9,620.6,731.3,839.2,,
0,0.1,-921.6,-972,-1024.5,-1050.3,864.2,913.1,721.4,-901.5,-6335.7,1023.6,446.5,903.3,777.1,774.4,880.8,,
0,0.1033,-752.9,-146.7,-416.7,-473.2,29.4,-29.9,-276.8,-36.6,427.4,71.1,372.7,204.8,77.8,-69.7,-88.6,,
0,0.1067,342.3,1101.1,860.9,830.2,-1094.4,-1226,-1258.1,1134.7,8761.6,-1255,-159.8,-944.9,-926.2,-1090.8,-1250.9,,
0,0.11,1373.9,1449.5,1527.1,1566.3,-1288.8,-1361.6,-1075.6,1344.2,9455.6,-1526.4,-671.9,-1347.1,-1160.9,-1156,-1313.4,,
0,0.1133,1119.7,213.3,611.8,700.1,-38.5,52.1,421.2,48.6,-658.8,-97,-566.7,-302.4,-115.1,107.8,139.9,,
0,0.1167,-527.8,-1668.5,-1319.1,-1264.9,1658.4,1859.8,1906.1,-1720.1,-13220.9,1906.8,224.1,1429.5,1398.4,1650.4,1897.7,,
0,0.12,-2084.8,-2202.6,-2319,-2378.1,1960.5,2070.3,1633.9,-2044.1,-14376,2318.1,1018.8,2048.2,1765.3,1758.2,1997.7,,
2,0.1233,-1674.7,-283.5,-852.8,-1016.7,16.8,-136.5,-701.1,-27.9,1161.1,76.8,933.1,437.4,159.4,-200.8,-272.8,,
0,0.1267,933.4,2736.5,2263.8,2124.2,-2720.5,-3063,-3119,2824.9,21275.7,-3160,-230.2,-2330.1,-2255.7,-2688.3,-3125.8,,
0,0.13,3436.2,3648.2,3834.6,3926.3,-3259.2,-3437.1,-2704.5,3394,23822.7,-3829.8,-1642.3,-3398.4,-2920.6,-2915.6,-3319.9,,
3,0.1333,2535.9,95.1,739,1261.3,353.7,746.1,1704.5,-374,-3471.1,510.1,-2138.1,-514.1,-105.8,677.4,995.5,,
3,0.1367,-3051,-6880.4,-6991.8,-5919.7,6846,7935.4,7927.3,-7172.5,-48208.8,8492.7,-1385.8,5586.6,5143.4,6560.8,8115.6,,
3,0.14,-10810.3,-13033.4,-15389.6,-13761.2,12187.1,13676.1,11760.2,-12800.4,-79637.5,15334.7,-375,11183.7,9367.2,10866.5,13583.7,,
3,0.1433,-15894.3,-14174.7,-19280.2,-17200.8,12737.6,14105.1,10441.9,-13437.1,-73749.5,16504.6,-587.4,12412.3,9436.4,10497.1,13718.5,,
3,0.1467,-15011,-9856,-16541,-14208.6,8486.9,9390.7,5264.5,-9033.4,-35812.1,11689,-2503.5,8659.4,5410.5,5971.8,8914.4,,
3,0.15,-9429.1,-4057.5,-10139.5,-7799.5,3334.3,3875.3,750.7,-3637.5,1606.3,5375.1,-4901.5,3372.6,787,1272.6,3583.7,,
3,0.1533,-4186.2,-1921.1,-5841.1,-3699,1852.2,2457.3,820.2,-2037.2,5988.3,3163.2,-5806.6,1243.9,-391.2,512.4,2462.8,,
3,0.1567,-3863,-5244.9,-7321.8,-5440.3,5261.3,6283.3,5285.6,-5551.6,-25924.3,6882.9,-4352.6,4092.4,2864.1,4275.2,6436.4,,
3,0.16,-8566.9,-10849.2,-12984.9,-11240.7,10316,11708.7,9972.6,-10830,-64438.3,12959.6,-1783.4,9199.9,7511.3,9029.4,11731.4,,
3,0.1633,-13844.9,-13478,-17473.3,-15635.6,12275.1,13643.4,10529.1,-12920.8,-73706.3,15693.4,-473.4,11780,9208.3,10330.1,13382.8,,
0,0.1667,-14771.9,-10683.7,-16619.3,-14523.3,9319.1,10295.3,6476.9,-9882.8,-45115.8,12552.8,-1728.1,9424.3,6347.8,6957.2,9864.3,,
0,0.17,-10528,-5143.3,-11306.1,-8996.2,4279.9,4870.5,1678.9,-4628.2,-5780.4,6555.5,-4438.7,4386.7,1618.8,2102.2,4541.1,,
0,0.1733,-5172.4,-2142.1,-6605.7,-4316.8,1974.2,2545.9,690.2,-2178,6801.8,3419.8,-6013.5,1473.4,-482.9,383.5,2490.5,,
0,0.1767,-3804.1,-4535.3,-6953.6,-4923.9,4604.7,5524.3,4407,-4868.3,-19474.4,6113.6,-4845.9,3464.4,2068.6,3445.5,5650.6,,
0,0.18,-7697.6,-9988.7,-11920.3,-10185.6,9623.2,10900.4,9195.8,-10085.4,-59365.1,11995.7,-1977,8426.1,6842.1,8344.3,10939.8,,
4,0.1833,-13067.4,-13204,-16641.5,-14992.2,12162,13444.4,10397,-12762.4,-74248.3,15345.5,-239.3,11546.4,9229,10339.3,13212.2,,
0,0.1867,-14703.4,-11042.3,-16526.1,-14679.3,9743.6,10669.4,6856.2,-10283.3,-49452.4,12897.7,-1557.9,9784.2,6876.8,7467.5,10245.6,,
0,0.19,-11012,-5593.5,-11708.6,-9551.5,4708.3,5268.8,2066.3,-5046.4,-8776.9,7028.6,-4979.6,4843,2002.4,2475.9,4922.1,,
0,0.1933,-5576.8,-2163.3,-6913.1,-4599.2,1956.8,2509.4,759.5,-2149.5,8376.2,3458.2,-7435,1536,-712,186.7,2435.5,,
0,0.1967,-3678.6,-4093.9,-6831.1,-4637.8,4167,5081.9,4249.8,-4411.6,-14612.6,5662.3,-6632.5,3091.8,1344.2,2808.1,5210.2,,
0,0.2,-7137.2,-9473.1,-11517,-9594,9155.3,10445.2,9106.6,-9595,-55160.7,11452.9,-3323.7,7977.1,6148.2,7759.6,10506.2,,
4,0.2033,-12521.8,-12991,-16327.8,-14569,12000.6,13304.3,10509.8,-12583.2,-73428.2,15110.1,-672.6,11379.4,8994.7,10176.4,13094,,
4,0.2067,-14515.2,-11158.7,-16494.1,-14649.6,9879.5,10820.7,7016.3,-10412.3,-51401.3,13008.4,-1237.6,9931.9,7094.1,7674.3,10402.9,,
4,0.21,-11149.6,-5760.3,-11834.7,-9753.2,4858.1,5424.7,2024.6,-5203.9,-10687.5,7203.1,-4465.6,5040.2,2314.4,2700.6,5071.5,,
4,0.2133,-5753.2,-2107.2,-6951.9,-4717.3,1865.2,2428.9,448.9,-2083.2,8733.9,3414.8,-7196.2,1508.5,-650.9,132.4,2354.5,,
0,0.2167,-3662.8,-3790.1,-6687.1,-4518.7,3824.7,4774.9,3859.2,-4112.8,-11996.8,5375,-6749,2795.6,1090.3,2466.5,4925.4,,
0,0.22,-6934.8,-9115.6,-11316.6,-9338.5,8757.2,10111.3,8902.3,-9252.3,-51942,11120.8,-3580.5,7588,5770.1,7349.1,10217.6,,
0,0.2233,-12297.8,-12774.4,-16258.6,-14371.4,11736.5,13117.6,10599.4,-12374,-71134.7,14931.1,-851.5,11096,8713.3,9905.6,12960,,
0,0.2267,-14395.4,-11110.1,-16605.1,-14591.8,9779.1,10787.3,7273.7,-10355,-50315.4,13002.5,-1278.5,9808.7,6982,7580.4,10409.8,,
0,0.23,-11116.8,-5760.3,-11994.4,-9755.5,4812.9,5423.4,2217.8,-5188.9,-10135.3,7235.2,-4385.1,4988.9,2304.1,2684.6,5086.1,,
0,0.2333,-5709.5,-2035.8,-6980.5,-4655.7,1763.6,2352.3,429.1,-2009,9399.4,3350.4,-6945.3,1421.6,-641.1,103.8,2270.1,,
0,0.2367,-3554.6,-3635.3,-6515.7,-4359.1,3651.9,4620.3,3647.2,-3976.4,-11151.6,5197.3,-6241.8,2649.5,1108.5,2429.2,4748.2,,
0,0.24,-6800.2,-8954.9,-11029.3,-9154.2,8579.9,9951.6,8631.1,-9122.4,-51183.4,10914.8,-2892.2,7438.1,5822.1,7356.1,10032,,
0,0.2433,-12206.3,-12678.2,-16002.7,-14252.1,11617.5,13012,10396.1,-12303.2,-70538.1,14782.3,-341.6,10998.4,8777,9956.7,12833.6,,
0,0.2467,-14365.6,-11075.8,-16470.7,-14553.1,9716.2,10729.2,7186,-10328.9,-49617.2,12923.1,-1421.7,9761.7,6962.6,7584.1,10339.1,,
3,0.25,-11099.6,-5728.9,-11966.6,-9735.6,4752.5,5362.4,2217.7,-5151.1,-9047.2,7175.2,-5390.3,4942.5,2104.9,2526.2,5017.9,,
0,0.2533,-5644.5,-1956.1,-6983.6,-4585.7,1657.8,2251.1,459,-1919.8,10848.1,3258.7,-8500.7,1330.4,-1022.7,-247.4,2160,,
0,0.2567,-3431.1,-3505.4,-6490.1,-4228.1,3499.4,4483.6,3660.4,-3843.5,-9667.6,5064.9,-7672.3,2510.8,661.8,1981.2,4595.7,,
0,0.26,-6663.9,-8811.6,-10974.3,-9010.5,8419.3,9812.2,8611.1,-8984,-49948.1,10768.6,-3661.3,7285.7,5475.2,6973.3,9870.3,,
0,0.2633,-12115.3,-12557.4,-15963.6,-14151.6,11489,12896,10361.8,-12190.3,-69496.2,14650.7,-501.9,10869.5,8629.6,9751.7,12697,,
1,0.2667,-14342.4,-10984.1,-16494.4,-14509.5,9628.5,10637.1,7186.1,-10243.4,-48386.3,12812.5,-1621,9667.5,6984.5,7541.8,10238.8,,
1,0.27,-11120.6,-5645.6,-12063.8,-9713.7,4677.9,5275.8,2308.5,-5071.6,-7206,7072.2,-6390.7,4863.7,2163.8,2520.9,4940.9,,
0,0.2733,-5663.4,-1854.6,-7120.2,-4536.6,1555.7,2152,665.7,-1822.8,13436.5,3149.1,-10572.5,1233.8,-1064,-356.1,2084.4,,
0,0.2767,-3412,-3375.5,-6610.4,-4131.5,3348.3,4370.2,3947.1,-3721.2,-6612.4,4948,-10336.6,2374.3,473.2,1719.4,4507.9,,
0,0.28,-6600.9,-8666,-11035.4,-8890.6,8233.8,9698.3,8886.1,-8848.8,-46981.5,10656.8,-5986.4,7114.6,5210.3,6634.1,9771.8,,
0,0.2833,-12030.7,-12419.5,-15959.7,-14055.6,11306.9,12796,10524.3,-12063.6,-67099.3,14554.2,-1734.7,10692.3,8417.9,9475,12595.8,,
0,0.2867,-14270.2,-10867.3,-16455.5,-14468,9478.1,10547.7,7189.1,-10137.7,-46622.5,12725.6,-1687.6,9512.5,6909.9,7419.1,10135.1,,
0,0.29,-11083.2,-5542,-12033.5,-9715.3,4554.4,5174.7,2194,-4981.1,-5662.8,6974.4,-5903.5,4737.1,2196.9,2521.9,4823.7,,
0,0.2933,-5657.4,-1745.1,-7127.2,-4537.1,1428.8,2016.2,538.6,-1730.6,15318.6,3023.4,-10353.6,1119.2,-1040.7,-357.5,1945,,
0,0.2967,-3410.3,-3250.2,-6650.3,-4089,3193.1,4199.1,3893.6,-3616.2,-4181.3,4799.8,-10821.3,2252.5,381.9,1599.4,4355.9,,
0,0.3,-6571.2,-8535.8,-11069.7,-8795.9,8057.4,9518.4,8891.9,-8737.5,-44409.7,10512.7,-6944.4,6985.1,5006,6388.4,9633.8,,
0,0.3033,-11959.7,-12308.7,-15929.6,-13934,11145.2,12641.3,10462.4,-11966.2,-65196.3,14440.7,-2495.9,10575.3,8212.5,9214.1,12493.7,,
0,0.3067,-14177.8,-10792.2,-16308,-14354.6,9365.2,10432.6,6903.5,-10071.5,-46008.5,12644.5,-1684.1,9429,6827.6,7277.9,10061.9,,
3,0.31,-11015.2,-5496.2,-11751.7,-9628.2,4489.2,5081.4,1628,-4943.5,-6237.8,6899.8,-5110.9,4684.6,2252.2,2536.7,4741.6,,
0,0.3133,-5658.4,-1700.9,-6749.8,-4469.5,1368.4,1909.9,-193.2,-1694.8,14416.3,2923,-9303.1,1064.3,-979.7,-295.3,1811.1,,
0,0.3167,-3492.4,-3176.4,-6261.9,-4023.2,3079.6,4056.1,3227.2,-3544.3,-4313.5,4662.7,-10179.3,2149.3,267.5,1533.6,4156.9,,
0,0.32,-6701.4,-8417.5,-10759,-8721.2,7860.3,9344.3,8484.5,-8603.8,-43172.6,10358.4,-6989.6,6806.8,4649.8,6103.8,9399,,
0,0.3233,-12076.8,-12156.5,-15735.3,-13852.6,10888.3,12465.2,10328.9,-11777.8,-62898.2,14301.8,-2900.8,10336,7755.2,8807.6,12274.9,,
3,0.3267,-14230,-10637.3,-16190.4,-14273,9118.9,10283.8,6866.4,-9871.4,-43656.3,12539.1,-1774.5,9181,6544.3,6996.2,9896.7,,
0,0.33,-10992.1,-5375.8,-11616.1,-9545.8,4332.7,4970.7,1446.7,-4792.7,-4872.9,6818.8,-4397.3,4491.1,2355.3,2611.7,4630.6,,
0,0.3333,-5593.6,-1641.3,-6510.9,-4378.7,1344.8,1828,-647.5,-1639.6,14349.9,2841.9,-7857.1,966.6,-508.8,182.1,1725.1,,
0,0.3367,-3435.8,-3180.6,-5903.6,-3918.6,3172.4,3986.5,2567.3,-3588.2,-5477.8,4564.5,-8554.3,2146.1,861.3,2228.1,4064.4,,
0,0.34,-6682.3,-8462.6,-10343.9,-8609.1,8003.2,9275.4,7815.2,-8701.8,-44655,10245.7,-5761.6,6857.6,5075.6,6719.9,9288.6,,
0,0.3433,-12087.2,-12202.9,-15357.2,-13748,11002.9,12392.2,9819,-11859.1,-64010.6,14188.3,-2221.1,10385.3,7888.6,9136.1,12155.6,,
0,0.3467,-14238.4,-10648.5,-15908,-14187.4,9156.2,10203.3,6541.5,-9879.5,-44156.1,12432.3,-1305.8,9187.5,6496.6,7035.9,9781.3,,
0,0.35,-10974.4,-5338.3,-11418.6,-9476.8,4293.9,4877.2,1200.3,-4716.5,-4951.7,6712.4,-3668.1,4447.6,2349.3,2531.2,4521,,
0,0.3533,-5554.4,-1572.7,-6339.9,-4311,1270.9,1718.3,-943,-1515.7,14331.5,2725.5,-6701.5,897.2,-340.9,166.2,1614.7,,
0,0.3567,-3402.8,-3116.8,-5705.3,-3835.5,3110.7,3865.7,2181,-3472.7,-5699.4,4438.4,-7244.6,2085.7,1143.7,2340.3,3949.1,,
0,0.36,-6680,-8431.2,-10106.6,-8504.3,7975.9,9156.4,7397.5,-8631.4,-45146.3,10124,-4728.5,6826.5,5304.2,6887.2,9174.9,,
2,0.3633,-12113,-12202.9,-15105.2,-13628,10997.2,12286.4,9458.7,-11829.3,-64698.7,14085.4,-1639.2,10376.6,7961.7,9247.7,12053.6,,
0,0.3667,-14260.6,-10650.7,-15667.5,-14064.6,9141.3,10111.1,6275.1,-9853.3,-44927.3,12346.4,-934.4,9176.6,6478.2,7053.2,9692.9,,
0,0.37,-10954.1,-5308.1,-11192,-9359.6,4248.6,4788.6,995.4,-4654.6,-5705.6,6623.9,-3089.2,4413.8,2400.3,2511,4435.6,,
0,0.3733,-5472.4,-1497.1,-6111.5,-4199.8,1199.4,1623.3,-1136.8,-1405.1,13670.3,2613.5,-5718.9,841.5,-125.5,188.3,1518,,
0,0.3767,-3271.5,-3013.6,-5466.5,-3725.1,3036.3,3764.6,1987.1,-3331.8,-6230.8,4301.2,-6064,2028.4,1457.1,2423.5,3837.8,,
0,0.38,-6531.6,-8333.6,-9869.2,-8388.2,7919,9059.4,7235.9,-8492.6,-45575.2,9982.9,-3755.2,6788.7,5551.8,6976.5,9060.5,,
0,0.3833,-11975.2,-12132.1,-14888.5,-13501.3,10959.6,12203.2,9358.8,-11714.2,-65118.2,13966.7,-1096.7,10361.4,8041.6,9279.4,11953.5,,
0,0.3867,-14139.5,-10601.2,-15473.4,-13924.5,9107.8,10040.9,6221.3,-9760.8,-45445.5,12258.4,-670,9166.5,6448.1,7027.5,9615.4,,
0,0.39,-10835.6,-5256.6,-10998.3,-9207.7,4204.2,4720.4,936.1,-4568,-6370.5,6550.1,-2739,4387,2418.6,2495,4374.5,,
0,0.3933,-5339.9,-1425.6,-5892.2,-4043.8,1143.9,1546.3,-1236.6,-1309.5,12906.7,2528.3,-5059.7,790.6,45,249,1459.9,,
0,0.3967,-3122.5,-2925.8,-5220.3,-3579.2,2982.7,3678,1867.9,-3225.7,-6985.6,4192.9,-5208.4,1965,1729.5,2558.9,3773.6,,
0,0.4,-6379.6,-8249.3,-9625.7,-8266.8,7879.3,8972.1,7159.2,-8385.3,-46229.4,9862.3,-3020.2,6730.2,5773.1,7114.7,8990.7,,
0,0.4033,-11836.4,-12066.8,-14683.2,-13409.1,10931.6,12123.4,9367.9,-11614.7,-65644.7,13855.1,-693.1,10313.5,8104.7,9346.3,11883.1,,
0,0.4067,-14015.8,-10550.1,-15315.1,-13849.9,9076.5,9967.3,6294.5,-9670.1,-45873.1,12165.6,-520.3,9119.5,6391.9,7015,9547.1,,
0,0.41,-10711.3,-5198.4,-10860.2,-9126.5,4156.2,4644.4,999,-4481.7,-6748.3,6465.7,-2583,4328.8,2385.5,2464.4,4307.3,,
0,0.4133,-5194.9,-1343.1,-5735.4,-3933,1080.5,1461.6,-1251.2,-1226.1,12528,2432.8,-4716.3,723.4,141.9,268.8,1393.4,,
0,0.4167,-2950.6,-2822.2,-5027.5,-3430.6,2919.4,3588.7,1769.8,-3151.2,-7422.6,4078,-4726.6,1908.2,1930.9,2639.2,3711.7,,
0,0.42,-6196.1,-8146,-9412.9,-8090.1,7831.7,8889.1,7032,-8327.5,-46785,9739.4,-2586.5,6703.4,5956.4,7202.6,8937.7,,
0,0.4233,-11664.2,-11984,-14480,-13222.9,10901.4,12053.8,9276.5,-11572.9,-66344.4,13743.9,-415.4,10316.6,8176.9,9381.7,11837.2,,
0,0.4267,-13863.5,-10488.7,-15134.3,-13667.5,9050.9,9907.3,6263.3,-9629.5,-46666.6,12075.8,-320.5,9128.5,6378.1,6989.5,9498.4,,
0,0.43,-10561.9,-5140.6,-10687.2,-8949.7,4120.8,4582.8,1003.9,-4421.3,-7515.9,6388,-2295.4,4312.9,2393.9,2425.6,4245.4,,
0,0.4333,-5016.8,-1269.4,-5547.4,-3756.8,1032.1,1391.6,-1246.1,-1132.8,11903.9,2348.8,-4275.5,669.3,246.1,268.7,1317.8,,
0,0.4367,-2724.8,-2729.3,-4820.2,-3253.4,2867,3513.9,1767.3,-3029.8,-7872.4,3977.4,-4241.3,1829,2090.4,2681.7,3633.4,,
0,0.44,-5933.7,-8048.7,-9206.8,-7918.9,7785.3,8819,7046.6,-8196.9,-47136.9,9628.2,-2226.1,6625.5,6058.6,7243.2,8870.4,,
0,0.4433,-11400.1,-11899.9,-14297.9,-13067.6,10861.1,11992.5,9332.4,-11452.8,-66719.9,13636.5,-232.9,10256.8,8160.3,9380.2,11784.9,,
0,0.4467,-13629.6,-10421.8,-14972.9,-13531.8,9008.3,9848.4,6348.8,-9529.4,-47145.2,11979.8,-193.8,9082.8,6316.1,6962.1,9452.8,,
0,0.45,-10364.8,-5079.4,-10512.4,-8827.3,4071.6,4515.5,1070.7,-4340.5,-8104.4,6298.6,-2044.8,4266.8,2452.4,2443.2,4195.9,,
0,0.4533,-4839.3,-1201.3,-5321.6,-3637.9,986.8,1312.5,-1246.7,-1069.9,11229.9,2256.5,-3836,617.1,546,399.1,1263.8,,
0,0.4567,-2547.6,-2655.2,-4538.4,-3133.8,2846,3431.8,1690.4,-2988.8,-8628.4,3880.3,-3721.7,1782,2594,2925.1,3586.2,,
0,0.46,-5755.8,-7981.6,-8907.6,-7801.5,7799.7,8747.2,6932.1,-8182,-47985.3,9533.9,-1803,6600.4,6580,7519.1,8841.1,,
0,0.4633,-11236.4,-11848.9,-14038.1,-12954.6,10896.5,11935.7,9236.2,-11455,-67621.8,13551.2,9,10255.5,8491.7,9578.4,11770.2,,
0,0.4667,-13489.5,-10377.5,-14786,-13415.3,9027.8,9796.5,6303.3,-9521.5,-47973.2,11897.5,-63,9085.4,6367.8,7017,9432.6,,
0,0.47,-10233.8,-5016.6,-10386.3,-8691.2,4039.5,4452.8,1070.2,-4288.3,-8695.4,6202.5,-1884.4,4245.8,2298.2,2373.3,4147.5,,
0,0.4733,-4685.1,-1099.8,-5212.7,-3471.2,894.8,1232.3,-1225.8,-955.5,10953.9,2135.1,-3572.3,560.8,349.7,284.2,1180,,
0,0.4767,-2346.2,-2519.4,-4408.5,-2943.2,2719.6,3343.4,1723.2,-2826.1,-8674.3,3741.6,-3408.7,1705,2485.3,2844.4,3481.4,,
0,0.48,-5512.7,-7839.8,-8750.9,-7610.2,7679.1,8667.2,6994.2,-8009.8,-47997.2,9402.9,-1560.4,6530.4,6576.2,7497.7,8739.4,,
0,0.4833,-10982.8,-11730.9,-13877.6,-12784.9,10806.8,11872.3,9353.3,-11311.1,-67754.3,13449.7,110,10208.2,8512.8,9579.9,11687.2,,
0,0.4867,-13255.6,-10290.2,-14647.5,-13270.6,8963.7,9741.7,6480.3,-9417.5,-48216.2,11824.5,-71.3,9050.3,6315.6,6978.7,9366.3,,
0,0.49,-10026.2,-4940.5,-10275.9,-8553.7,3975.2,4389.8,1279,-4206.3,-8893.7,6133.8,-1909,4196.6,2130.8,2254.2,4085.6,,
0,0.4933,-4489.1,-1008.2,-5116.9,-3319.6,809.6,1151.3,-1029.4,-867.7,10952.5,2044.5,-3547.4,479.6,101,90.1,1114.7,,
0,0.4967,-2149.5,-2403.6,-4312.1,-2774.5,2615.7,3250.5,1876.5,-2719.9,-8472.1,3623.7,-3341.8,1599.1,2229.7,2619.8,3416.8,,
0,0.5,-5325.3,-7716.3,-8650.8,-7443.9,7577.3,8578.3,7102.4,-7896.3,-47739.6,9277.8,-1504.5,6425.8,6375.8,7296.4,8684.8,,
0,0.5033,-10829.1,-11624.6,-13779.5,-12645.3,10725.7,11798,9433.6,-11211.3,-67615.7,13343.9,119,10127.5,8387.1,9436.8,11644.1,,
0,0.5067,-13146.4,-10210.3,-14549.5,-13163.4,8903.1,9678.1,6546.8,-9340.6,-48252.3,11746.6,-93.6,8994.9,6247.4,6898.6,9324.2,,
0,0.51,-9938.7,-4871.6,-10160.9,-8458.3,3918,4323.7,1331.8,-4140.9,-9010.7,6067.3,-1916.6,4149.1,2093.3,2218.7,4030.3,,
1,0.5133,-4378.1,-925,-4964.8,-3207.1,739.1,1074.2,-994.9,-792.9,10899,1963.6,-3509.8,422.2,79.8,73.6,1041.8,,
1,0.5167,-1984.1,-2293.9,-4121.4,-2633.5,2531,3167.1,1900.2,-2624,-8392.4,3517.5,-3269,1529,2223.9,2602.2,3336.3,,
0,0.52,-5117.2,-7591.4,-8449.6,-7291.6,7492.4,8501.4,7138.4,-7785.9,-47565.4,9159.2,-1433.3,6353.9,6382.8,7268.3,8611.9,,
0,0.5233,-10626,-11507.2,-13610.1,-12511.3,10654.9,11734.8,9503.3,-11103.6,-67421.7,13236.1,157.5,10063.9,8390.5,9397.6,11585.6,,
3,0.5267,-12993.8,-10113.7,-14439,-13061.7,8847,9623,6647.7,-9247.6,-48061.1,11660.3,-95,8937.5,6221,6853.5,9273.2,,
3,0.53,-9843.2,-4790.3,-10100.8,-8373.8,3864.5,4263.4,1432.8,-4061.7,-8784.6,5991.5,-1946.1,4086.8,2021,2175.5,3974.5,,
0,0.5333,-4305,-844.3,-4918.4,-3108.4,676.2,1001.4,-933.3,-719.7,11185.1,1877.6,-3551.6,349.1,-28.6,39.7,976.7,,
0,0.5367,-1889.1,-2207.2,-4052.6,-2500.6,2458.8,3087.7,1904.4,-2553.1,-8098.6,3411.7,-3309,1453.5,2111.6,2580,3269.6,,
0,0.54,-4982.9,-7506.3,-8347.5,-7132,7421.2,8428.4,7101.6,-7721,-47368.3,9043.7,-1453.1,6292.6,6297.4,7252.1,8555.3,,
0,0.5433,-10470.3,-11435,-13489.4,-12350.7,10593.3,11674.7,9461.8,-11048.3,-67382,13129.9,183.5,10025.3,8338,9376.1,11541.9,,
0,0.5467,-12846.6,-10054.1,-14319.1,-12919.1,8792.4,9568.1,6627.9,-9196.7,-48129.7,11572.1,-0.9,8912.7,6180.9,6818.9,9232,,
0,0.55,-9716.2,-4728,-9985.2,-8245.6,3806,4198.8,1433.2,-4002.2,-8841.3,5911.4,-1784,4056.5,1968.5,2133.1,3921.1,,
0,0.5533,-4183.8,-763.3,-4793.8,-2975.6,607.6,919.7,-933,-641.9,11221.1,1788,-3351.9,301.3,-98,7.4,905.7,,
0,0.5567,-1753.1,-2107.3,-3907.5,-2350.5,2386.5,2996.9,1890.7,-2460.8,-7997.8,3305.3,-3119.7,1393.7,2044.4,2574.5,3190.1,,
0,0.56,-4830.4,-7404.9,-8190.1,-6972.9,7359,8345.1,7083.6,-7629.3,-47294.7,8930.3,-1313,6236.9,6253,7271.1,8482.1,,
0,0.5633,-10322.5,-11351.5,-13346,-12204.8,10547.8,11608.9,9464.9,-10969.6,-67378.5,13025.9,265.5,9982.7,8313.7,9393.4,11481.4,,
0,0.5667,-12726,-9990.9,-14211.9,-12801.8,8754.8,9513.5,6667.2,-9129.2,-48131.8,11484,44.6,8874,6152,6802.4,9176.5,,
0,0.57,-9622.8,-4668.5,-9909.7,-8151.7,3759.7,4139.7,1493.6,-3933.3,-8742.9,5830.6,-1741,4002.2,1915.2,2074.4,3857.5,,
2,0.5733,-4092.9,-687.9,-4717.3,-2885.7,544.3,846.1,-891.3,-562.4,11438.7,1701.5,-3288.2,220.7,-162,-63.2,829.6,,
0,0.5767,-1637.9,-2013.3,-3792,-2250,2315.4,2914.4,1877.6,-2377.1,-7779.9,3210.4,-3035.6,1296.8,2010.6,2543.2,3111,,
0,0.58,-4686.4,-7308.8,-8020.7,-6863.5,7298.4,8268.8,7011.9,-7558.1,-47233.2,8837.1,-1230.6,6146.8,6277.4,7306.9,8414.9,,
0,0.5833,-10169.9,-11271.7,-13142.1,-12098.2,10506,11546.9,9368.9,-10920.5,-67498.3,12944.8,315,9915.3,8370.2,9466.3,11431.5,,
0,0.5867,-12588.1,-9927.7,-14011.8,-12702.9,8718.7,9457.6,6597.8,-9090.8,-48254.5,11411,36.6,8824.1,6162.9,6831.3,9134.2,,
0,0.59,-9502.4,-4602,-9743.7,-8050.1,3703.8,4070.8,1487,-3878.3,-8607.8,5747.8,-1810.6,3949.6,1805.6,1978.8,3806.2,,
0,0.5933,-3971.7,-596.8,-4590.3,-2765.3,452.7,751.7,-833.6,-470,11951,1594.1,-3397.2,149.7,-399.1,-302.3,761.2,,
0,0.5967,-1498,-1896.6,-3686.9,-2107.5,2197.7,2801.4,1970.5,-2251.7,-7040.5,3084,-3143.4,1211.8,1725.2,2224.3,3033.8,,
3,0.6,-4533.3,-7189.6,-7916.3,-6715.9,7183.4,8158.5,7101,-7428.4,-46587.9,8716.8,-1299.6,6068.3,6056.6,7016.3,8345.7,,
0,0.6033,-10031.8,-11176.9,-13028.6,-11969.8,10418.4,11457.8,9426.4,-10817,-67183.8,12854.6,294,9860.3,8274.9,9283.9,11379.7,,
0,0.6067,-12490.9,-9864.2,-13893.4,-12603.2,8659.4,9390.1,6618.1,-9022.1,-48226.5,11351.5,33.2,8790.4,6151.2,6756.6,9092.2,,
0,0.61,-9443.5,-4549.7,-9630.7,-7963.7,3649.9,4008.5,1483.2,-3825.7,-8576,5693.3,-1850.5,3917.4,1761.3,1937.4,3755.3,,
0,0.6133,-3917.7,-526.7,-4489.7,-2664.2,378.4,677.1,-839.2,-404.6,12282.8,1513.1,-3512.4,99.3,-578.9,-400.3,687.8,,
0,0.6167,-1410.4,-1796.1,-3600.4,-1975.1,2095.5,2710.3,1982.8,-2158.2,-6348.2,2965.6,-3320.8,1139.9,1401.1,2030.8,2940.1,,
0,0.62,-4397.8,-7072.2,-7841.3,-6561.6,7068.9,8061.9,7138.3,-7315,-45753.8,8579.6,-1469.2,5988.2,5686.2,6766.2,8246.7,,
3,0.6233,-9867.1,-11069.1,-12959.3,-11820.7,10316.1,11369.8,9477.4,-10706.6,-66528.4,12729.8,222.4,9787.6,8001.5,9067.3,11290.4,,
0,0.6267,-12329.9,-9782.2,-13819.8,-12482,8584,9315,6655.3,-8934,-47935.5,11257,113.9,8729.4,6075.6,6659,9017.6,,
0,0.63,-9307.3,-4489.1,-9540.2,-7872.8,3600,3939.7,1474.4,-3765.3,-8602,5621.8,-1636.9,3860.6,1888.2,1994.1,3692.4,,
0,0.6333,-3805,-472.4,-4374.6,-2588.5,344.6,606.5,-913.9,-366.6,12123.5,1442.9,-3247.8,40.2,-330.7,-214.2,635.2,,
0,0.6367,-1309.7,-1739.8,-3465.7,-1899.6,2072,2638.5,1845.7,-2136.1,-6498.3,2882.1,-3096.4,1083,1658.6,2280.5,2902.5,,
0,0.64,-4306,-7019.5,-7704.5,-6483.4,7055.4,7997.4,6964.8,-7304.3,-45884.8,8486.5,-1326.5,5945.9,5867.6,7002.7,8227.8,,
0,0.6433,-9793.3,-11028.9,-12838.1,-11746.7,10309.3,11317.8,9302.1,-10699.3,-66704.9,12640.7,314.3,9765.8,8077.7,9226.1,11280.2,,
0,0.6467,-12281.6,-9751.1,-13716.8,-12415.6,8570.3,9269,6505,-8913.8,-48174,11178.3,228.5,8716.1,6069,6702.6,8988.9,,
0,0.65,-9273.5,-4449,-9437.4,-7806.2,3560.7,3883.9,1361.1,-3712.7,-8816.2,5545,-1443,3831.8,1849.3,1919.6,3614.2,,
4,0.6533,-3756.5,-404.8,-4245.9,-2509.5,271.3,529.2,-991.5,-273.1,12056.8,1354,-2982.4,-21.8,-351.9,-374.8,494.8,,
0,0.6567,-1219,-1644.1,-3297,-1804.1,1976.6,2543.3,1795.4,-2013.9,-6367.8,2778,-2832.8,992.1,1680,2088.1,2719.9,,
0,0.66,-4169.3,-6915,-7506.7,-6380.7,6963.9,7900.1,6928,-7180.9,-45620,8379.6,-1157.9,5849.7,5919,6830.1,8047,,
0,0.6633,-9634.5,-10938.6,-12639.7,-11650.6,10241.2,11233.3,9259.7,-10598.5,-66413.1,12547.8,336.4,9688.6,8115.4,9098.8,11143.6,,
0,0.6667,-12133.9,-9681.5,-13543.3,-12330.1,8522.6,9198.2,6437.3,-8839.8,-47903.1,11103.6,128.8,8663.7,6048.9,6614.5,8912.7,,
0,0.67,-9154.6,-4385.2,-9295.5,-7721.3,3511,3815.1,1261.1,-3650.4,-8523.5,5476,-1579.4,3789.4,1763.4,1851.3,3583.1,,
0,0.6733,-3658.8,-325.7,-4125.3,-2412.5,197.9,451,-1103.8,-203.7,12438.7,1273.7,-3066,-74.2,-461.4,-431.5,476.9,,
0,0.6767,-1120.8,-1543.2,-3187.8,-1695.7,1878.3,2456.2,1716.9,-1931.7,-5892.4,2681.5,-2828,922.5,1611,2053.7,2688.3,,
0,0.68,-4055.1,-6805.9,-7413.8,-6278,6859.6,7816.4,6933,-7095.8,-45121.3,8278.6,-1102.7,5772.8,5920.2,6829.5,7992.3,,
0,0.6833,-9505.5,-10841.1,-12580.7,-11572.1,10151.4,11163.9,9368.1,-10522.7,-65954.3,12457.7,363.5,9618.5,8143.5,9117.6,11070.2,,
4,0.6867,-12002.3,-9602.3,-13531.5,-12276.3,8449.6,9140.5,6620,-8773.4,-47453.8,11027.7,69.3,8603.3,6005.1,6607.4,8829.5,,
0,0.69,-9030,-4312.9,-9324.3,-7670.3,3436.8,3754,1452.1,-3580,-7962.6,5401.5,-1720.4,3726,1564.8,1770.8,3498,,
0,0.6933,-3542.4,-245,-4169.1,-2336.4,102.4,372.8,-969.2,-116.3,13217.9,1186.2,-3227.1,-156.7,-811.7,-595.3,398.9,,
4,0.6967,-1010.2,-1452.3,-3218.3,-1584.2,1759.5,2362,1769.9,-1828.6,-4912.3,2580.7,-2942.7,817.5,1207.4,1850.1,2629,,
0,0.7,-3953.4,-6719.9,-7417.1,-6148,6736.3,7720.7,6928.2,-6992.7,-44089.5,8180.4,-1151.7,5659,5592.2,6654.9,7959.3,,
0,0.7033,-9422.4,-10775.6,-12560.1,-11453.1,10046.1,11080.8,9354.4,-10436,-65044.4,12378.2,341.2,9515.9,7960.8,9014.7,11056.9,,
0,0.7067,-11944.4,-9554.4,-13495.2,-12185.3,8367,9069.7,6632.3,-8704.7,-46734.8,10964.7,16.7,8521.6,5935.1,6561.6,8811.2,,
0,0.71,-8991.7,-4258.9,-9272.5,-7599.1,3358.6,3680.7,1488.2,-3514.8,-7363.2,5334.1,-1824.4,3658.6,1509.5,1724.9,3443.4,,
0,0.7133,-3506.7,-158.5,-4093.1,-2262.3,3.8,281.9,-941.6,-37.3,13831.1,1092.6,-3348.6,-225.5,-933.5,-692.5,291.6,,
3,0.7167,-960.2,-1326.9,-3113.1,-1493.4,1631,2252.4,1756.1,-1731.3,-4202.9,2460.4,-3027.3,736.4,1012.8,1695.4,2481.1,,
0,0.72,-3883.7,-6575,-7292.6,-6048.5,6592.4,7607.2,6866.9,-6888.5,-43296.7,8057.1,-1182.3,5566.2,5383,6479.4,7805.7,,
0,0.7233,-9340,-10640.6,-12437.7,-11366.2,9912.9,10980.4,9270.9,-10340.6,-64229.6,12280.7,317.6,9418.8,7799.7,8860.4,10931.7,,
0,0.7267,-11860.2,-9446.2,-13391.5,-12123.5,8261.5,8986.7,6565.2,-8624.5,-45938.1,10902.4,-77.1,8426.3,5840.3,6440.2,8725,,
3,0.73,-8910.8,-4172.9,-9184.3,-7553.6,3279.8,3604,1462.5,-3444.1,-6588.4,5289,-2026.3,3566.2,1456.3,1616,3379.3,,
0,0.7333,-3428.2,-80.4,-4000.2,-2210.6,-61,196.8,-928.8,32.4,14572.1,1036,-3613.1,-314.5,-972,-811.4,221.8,,
2,0.7367,-884.5,-1249.9,-2996.9,-1420,1570.5,2155.6,1781,-1661.5,-3547.8,2377.6,-3250.6,654.5,990.2,1569.1,2389.7,,
0,0.74,-3817.7,-6505.6,-7155.4,-5958.4,6535.8,7509,6872.2,-6825.5,-42781.6,7957.9,-1282.7,5497.1,5391.2,6370.4,7698.3,,
0,0.7433,-9293.4,-10587.7,-12305.2,-11278,9861.8,10893.9,9239.1,-10289.1,-63829.2,12186.7,330.1,9363,7827.5,8786.2,10826.3,,
0,0.7467,-11836,-9406.3,-13295.1,-12050.6,8210.5,8914.3,6500.6,-8578.5,-45520.2,10825,-52.3,8375.1,5832.7,6387.4,8635.6,,
0,0.75,-8901,-4129.1,-9138,-7491.7,3216.4,3535.3,1384.8,-3390.3,-5998.9,5219.7,-2103.9,3508,1349.3,1549.6,3307,,
0,0.7533,-3419.7,-17.2,-3991.2,-2144,-144.5,119.5,-1000.8,102,15366.5,957.5,-3829.9,-383.2,-1191.1,-913.3,159.9,,
1,0.7567,-870.9,-1169.6,-2996.2,-1338.6,1474.7,2067.7,1718.3,-1583.1,-2698.7,2283.1,-3532,586,724.2,1448.5,2334,,
0,0.76,-3803.9,-6427.9,-7138.2,-5867.5,6447,7421.1,6805.8,-6755,-42112.2,7858.4,-1496.4,5445,5181.9,6273.8,7649.9,,
0,0.7633,-9287.1,-10531.8,-12263.9,-11192,9795.5,10818.2,9151.6,-10237.8,-63462.1,12099,275.5,9334.1,7736.6,8741.5,10785.4,,
0,0.7667,-11833.9,-9372.2,-13237,-11977.1,8164.6,8852.5,6388.2,-8540.5,-45346.9,10753.1,37.1,8357.9,5829.4,6376.5,8593.3,,
0,0.77,-8884.9,-4097.8,-9073.4,-7423.3,3174.7,3477.9,1265.2,-3348,-5762.8,5149.7,-1974.8,3481,1335.9,1520.1,3248.4,,
0,0.7733,-3368.8,30.7,-3923.8,-2066.4,-194.2,56.6,-1100.3,159.9,15838,871.7,-3772.1,-431.6,-1296.1,-1002,76.2,,
1,0.7767,-781.5,-1105.7,-2922.4,-1247.3,1423.4,2000,1649.1,-1517.8,-2084.1,2179.1,-3580.3,527.4,533.4,1311.3,2232.8,,
0,0.78,-3697.8,-6369.1,-7052,-5774.6,6415.2,7358.9,6738.4,-6704.2,-41668,7753.1,-1587.5,5402.6,4995,6145.1,7552.2,,
0,0.7833,-9199.2,-10499,-12160.7,-11116,9796.3,10768.8,9025.3,-10216.3,-63470.3,12012.6,254.2,9326,7654.4,8677.3,10708.8,,
0,0.7867,-11787,-9363.3,-13113.3,-11925.5,8183.8,8808.8,6148.4,-8538.6,-45803.3,10688.1,168.1,8375,5882.5,6383.2,8537.1,,
0,0.79,-8871.8,-4085,-8927.1,-7385.3,3174.4,3421,911.3,-3334.6,-6342.2,5086.4,-1694.3,3490.3,1461.7,1547.3,3193.4,,
0,0.7933,-3356.9,79.4,-3758.6,-2024.1,-248.7,-28.8,-1495.9,214.9,15555.8,786.3,-3427.6,-462.7,-1203.3,-1020.7,1.3,,
2,0.7967,-736.1,-1011.4,-2753.1,-1193.3,1310.7,1889.8,1326.3,-1415.2,-1862.4,2067,-3290.1,448.5,522.5,1216.8,2133.4,,
0,0.8,-3605.4,-6250.1,-6902,-5719.2,6275.4,7245.4,6576,-6576.2,-41087.7,7634.6,-1437.2,5299.4,4889.5,6002.7,7443.9,,
0,0.8033,-9073.6,-10388.8,-12047.3,-11074.8,9672.2,10675,9025,-10095.3,-62891.5,11914.7,256.2,9232.8,7527.5,8547.6,10613.3,,
0,0.8067,-11655.7,-9281.9,-13031.3,-11900.1,8098.9,8741.1,6221.7,-8444.2,-45508.9,10619.5,93.2,8310.1,5816.9,6314.1,8464.1,,
0,0.81,-8756.7,-4026.6,-8845.7,-7357,3119.8,3365.4,937.3,-3263.8,-6332.1,5029.9,-1737.2,3444.1,1501,1546.1,3134.8,,
0,0.8133,-3264,134.5,-3640.1,-1968.5,-300.2,-92.4,-1587.9,277.5,15530,716,-3358.9,-515.9,-1070,-981.2,-57.9,,
0,0.8167,-658.3,-947.4,-2582.6,-1102.5,1243,1809.3,1141.2,-1350,-1647.8,1973.9,-3113.8,370.6,698.5,1262.7,2067.3,,
2,0.82,-3532.2,-6181.9,-6704.6,-5610.4,6192.9,7156.5,6396.7,-6509.2,-40536.1,7535.1,-1246.2,5200.4,5040.3,6032.2,7377.3,,
0,0.8233,-8998.1,-10328.3,-11876,-10975.9,9588,10592.4,8951.7,-10031.1,-62116.3,11833.8,336.5,9131.2,7589.2,8547.7,10554.3,,
0,0.8267,-11574.8,-9230.3,-12931.7,-11825.5,8017.9,8670.2,6289.1,-8378.9,-44692.1,10564.5,-9.8,8220.1,5748,6270.7,8407.9,,
0,0.83,-8669.6,-3968.7,-8824.8,-7295.4,3029.8,3297.4,1101.2,-3182.7,-5559.2,4980.8,-1987.9,3363.6,1299.7,1443.7,3062,,
0,0.8333,-3172.5,217.4,-3662.9,-1894.4,-416.6,-170.9,-1408.8,388.4,16312.3,642.4,-3636.7,-600.2,-1358.2,-1144.7,-167.4,,
0,0.8367,-569.7,-836.1,-2599.4,-1000.4,1097.6,1716.4,1275.9,-1210.8,-761.4,1862.5,-3303.6,274,400.9,1062.4,1918.8,,
0,0.84,-3457.7,-6060.2,-6685.5,-5488.7,6038.6,7059.2,6478,-6363,-39533.2,7402.7,-1328.3,5098.1,4804.8,5838.7,7210.6,,
1,0.8433,-8945.8,-10221.6,-11825.9,-10859.3,9454.4,10505.4,9005.6,-9906.1,-61094,11712,272.2,9038.9,7442,8397,10401.8,,
0,0.8467,-11541.5,-9150.4,-12875.8,-11733.1,7921.1,8599.3,6340.6,-8291.6,-43767.5,10472.7,-176.3,8146.7,5658.6,6165.9,8294,,
0,0.85,-8638.5,-3905.9,-8781.1,-7226.3,2961.1,3235.5,1153.3,-3127.4,-4755.1,4912,-2297.6,3300.8,1209.3,1354.5,2992.7,,
0,0.8533,-3121.3,284,-3627.5,-1832.3,-481.3,-234.9,-1366.1,433.4,17097.5,573.5,-4007.7,-672.2,-1489.9,-1255,-199.6,,
0,0.8567,-483.2,-752.6,-2555.2,-931,1018.9,1647.3,1310.3,-1154.3,156,1778.3,-3596.2,178.3,233.4,918.5,1913.3,,
0,0.86,-3336.2,-5963.6,-6623,-5411.2,5946.7,6992.4,6526.5,-6285.6,-38390.8,7309,-1467.2,4981.6,4641.1,5682.6,7223,,
1,0.8633,-8801.9,-10124.6,-11753.7,-10780.9,9362.9,10449,9098.2,-9813.2,-59742.2,11626.4,226,8919.1,7318.4,8266.9,10419.8,,
0,0.8667,-11390.6,-9060.3,-12811.3,-11655.8,7840.3,8551.5,6489.8,-8195.8,-42296.7,10404.6,-280.4,8041.6,5581.7,6091.1,8297.1,,
0,0.87,-8490.8,-3818.6,-8731.4,-7141.8,2888.8,3184.2,1339.7,-3041.4,-3265,4852.4,-2570.3,3215.7,1162.3,1343.9,2958.4,,
0,0.8733,-2982.7,375.2,-3580.9,-1733.5,-554.4,-301.1,-1185.3,500.6,18535,506.1,-4420.4,-744.6,-1520.2,-1208,-280.2,,
0,0.8767,-361.7,-660,-2492.7,-827.5,941.6,1567.4,1439.4,-1109.9,1490.6,1698.1,-4001.7,108.2,224.6,1009,1801.8,,
0,0.88,-3246.2,-5882.7,-6539.5,-5331.2,5873,6911.5,6570.9,-6261.8,-37201.8,7228.2,-1723.1,4910.2,4660.1,5791.1,7112.5,,
0,0.8833,-8760.1,-10066.8,-11667.8,-10752.4,9301.9,10377.9,9041.7,-9799.4,-58723.8,11560.8,139.9,8850.2,7343.5,8347.2,10334.5,,
0,0.8867,-11406.2,-9022.1,-12753.4,-11681.7,7788.8,8485.9,6330.1,-8176.1,-41433.8,10353.5,-305.9,7978.7,5555.7,6082.4,8232.8,,
0,0.89,-8558.8,-3781.6,-8719.2,-7192.4,2828.1,3105.4,1090,-3001.9,-2500.2,4794.6,-2668.8,3155.4,1025.2,1199.9,2883.5,,
0,0.8933,-3085.7,429.2,-3604.4,-1764.6,-644.9,-409.6,-1492,562.5,19269.1,417.8,-4632.6,-810.8,-1781.9,-1482.1,-399.8,,
0,0.8967,-478.3,-586.7,-2521.4,-810.9,816,1431.2,1128,-1035.8,2235.4,1577.1,-4252.8,29.5,-106.5,671.7,1629.1,,
0,0.9,-3358.5,-5804.7,-6544.3,-5271.9,5728.4,6769.8,6311.3,-6189.1,-36436.9,7099.5,-1909,4819.6,4355,5486.5,6913.6,,
0,0.9033,-8855.1,-10001.2,-11638.9,-10679.3,9165,10256.7,8868.5,-9734.2,-57939.3,11457.2,48.2,8754.7,7143.4,8145.1,10154,,
0,0.9067,-11473.4,-8972.4,-12699.2,-11621.3,7678.9,8395.4,6236.5,-8113,-40627.8,10287.2,-368.7,7886.7,5484,5991.2,8104.1,,
0,0.91,-8589.8,-3736.6,-8651.5,-7150,2748.2,3034.5,1029.1,-2933.7,-1691.9,4747.3,-2781.4,3073.4,1055,1178.6,2812.2,,
3,0.9133,-3078.7,481.8,-3524.6,-1727.5,-702.9,-480.7,-1581.6,633,20011.3,358.5,-4794.3,-878.8,-1693.2,-1480.8,-430.7,,
3,0.9167,-443.3,-527.6,-2421.9,-767.3,772,1349.8,968.6,-977.4,2818.8,1490.1,-4378.6,-22.3,8.2,674.8,1617.4,,
3,0.92,-3315,-5752,-6420.7,-5224,5694.5,6684,6084.8,-6156.5,-36041.6,6997.5,-1923.1,4781.9,4467.5,5493.2,6907.9,,
3,0.9233,-8821.1,-9964.1,-11499.5,-10638.5,9136.5,10179,8620.2,-9723.2,-57622.1,11366.4,115.4,8721.7,7214.1,8151.2,10146.9,,
0,0.9267,-11452.9,-8943.2,-12561.8,-11593.1,7644.8,8329.5,6028.6,-8099.5,-40176.2,10220.6,-351.8,7844.3,5469.5,5971.9,8084.3,,
0,0.93,-8571.5,-3695.4,-8529.3,-7124.8,2696.2,2971,904,-2890.9,-954,4692.2,-2932.5,3013.3,944.8,1110.1,2763.1,,
0,0.9333,-3048.3,547.6,-3416.8,-1689.5,-774.3,-554.5,-1627.9,710.5,20960.3,289.4,-5098,-949.2,-1846.2,-1586,-520.5,,
0,0.9367,-400.3,-447.6,-2316.4,-710.8,696.9,1263.5,949.5,-890,3673.5,1395.7,-4682.7,-80.9,-92.3,587.7,1493.7,,
2,0.94,-3277.9,-5685.1,-6308.5,-5160.2,5638.9,6596.7,6022.4,-6095.5,-35606.1,6892.7,-2067.2,4756.2,4485.4,5477.3,6775.1,,
0,0.9433,-8813.6,-9930.5,-11385.9,-10583.5,9110.6,10104.5,8468,-9705,-57674.8,11278.8,153.5,8729.6,7319.8,8198.4,10032.4,,
0,0.9467,-11481,-8935.2,-12464.6,-11549.1,7634,8270.4,5795.3,-8103.1,-40431,10163.8,-275.4,7861.2,5541.1,5997.4,7999.8,,
0,0.95,-8611.4,-3681.3,-8466.2,-7074.1,2670.8,2916.3,650.9,-2871.5,-961.1,4651.4,-3005.5,3005.6,857.3,1007.2,2699.2,,
0,0.9533,-3058.8,596.2,-3392.7,-1609.9,-833.9,-617.9,-1825.8,785.4,21467.1,234.5,-5385.3,-997,-2116.2,-1858.1,-582,,
0,0.9567,-352.5,-364.2,-2321.4,-599.2,612.2,1190.3,845.8,-766.3,4560.6,1308.2,-5068.6,-153,-436.7,216.6,1425.3,,
0,0.96,-3178.6,-5596.2,-6324.6,-5041.7,5560.6,6526,5990.2,-5964.7,-34764.7,6782.7,-2357.7,4695,4228.9,5146.9,6705.8,,
2,0.9633,-8702.2,-9869.6,-11396.5,-10495,9066.3,10049.5,8441.8,-9611.9,-57250.9,11175,60.7,8704.8,7242.8,8018,9973.7,,
0,0.9667,-11402.1,-8912.4,-12458.4,-11510.2,7624,8230.5,5715.6,-8062.5,-40446.9,10088.2,-243.3,7867.7,5594.7,5970.2,7954.3,,
0,0.97,-8584.1,-3677.1,-8436.5,-7071.3,2668.5,2875.6,507.4,-2861.4,-1092.6,4602.2,-3022.1,3012.6,896.5,1039.6,2656.5,,
0,0.9733,-3067.7,611.3,-3337.6,-1607.5,-858.3,-676.3,-1989.7,802,21606.6,191.3,-5566.1,-1020.4,-2213.6,-1873.4,-634.4,,
0,0.9767,-364.1,-325.4,-2245.7,-567.7,556.5,1111.1,722.8,-720.8,5111,1253.4,-5374.3,-213.4,-675.7,115.7,1361.7,,
0,0.98,-3168.3,-5544.7,-6241.6,-4978,5489.3,6439.4,5940.4,-5894.7,-33986.7,6715.5,-2640,4616.7,3955.6,5008,6642.1,,
0,0.9833,-8667.7,-9824.6,-11321.7,-10418.8,9001.9,9972.4,8446.8,-9536,-56558.5,11107.8,-76.1,8634.1,7063.6,7918.7,9921.1,,
0,0.9867,-11355.7,-8879.1,-12398.5,-11442.5,7574.9,8167.6,5723.7,-7993.4,-40019.2,10029,-233.5,7814.9,5564.8,5948.2,7910.4,,
0,0.99,-8534.6,-3641.7,-8381.4,-7016,2624.9,2816.5,472.8,-2797.6,-875.2,4545,-2960.3,2968.9,973.7,1069.3,2604.7,,
0,0.9933,-3011.1,666.2,-3264.8,-1552.8,-909.6,-745.5,-2077.8,867.2,21779.2,123.1,-5538.8,-1068.8,-2115.2,-1845.1,-710.4,,
0,0.9967,-291.1,-249.6,-2136.3,-502,497.9,1029.1,604.1,-656.1,5325.7,1170.2,-5386.2,-268.7,-614.6,113.4,1261.5,,
0,1,-3079.1,-5466,-6095.6,-4902.7,5437,6355.7,5823.3,-5841.5,-33782.9,6629.3,-2639.6,4565.6,3975.7,4986,6535.7,,
0,1.0033,-8578.1,-9762.5,-11160.2,-10345.1,8966.1,9899.8,8348.6,-9502.1,-56449,11035.1,-39.4,8597.6,7066.7,7900.6,9829.6,,
0,1.0067,-11287.4,-8834.9,-12249,-11376.2,7547.3,8107.3,5641.6,-7970,-39973.2,9973.5,-208.3,7788.8,5562.1,5933.6,7840,,
0,1.01,-8499.2,-3595.8,-8259.8,-6949.4,2582,2756.3,396.9,-2762.5,-736.1,4491.5,-3020.3,2935.9,955.1,1030.5,2543.1,,
0,1.0133,-3002.1,735.1,-3167.6,-1471.5,-985.2,-818.6,-2148.9,930.8,22152.1,51.9,-5698.8,-1122.8,-2157.5,-1931.2,-781.3,,
0,1.0167,-291.7,-156.6,-2049.9,-401,396.6,943.4,548.8,-569.2,5904.1,1077.8,-5574.1,-339.4,-664,-7.2,1175.2,,
0,1.02,-3076,-5370.7,-6011.4,-4794.2,5338.6,6271.9,5796.6,-5756.5,-33198.2,6535.1,-2763.5,4498.9,3948.7,4874.8,6445,,
0,1.0233,-8569.7,-9690.6,-11082.1,-10248.6,8896.8,9833.4,8352,-9442.2,-56060.9,10965.2,-86.5,8554.2,7069.2,7834.2,9751.2,,
0,1.0267,-11278.7,-8792.6,-12187.1,-11300,7506.9,8059.3,5661.8,-7934.9,-39803.5,9935.9,-270.9,7768.3,5558.5,5902.2,7780.5,,
0,1.03,-8490.8,-3564,-8218.1,-6881.2,2542.5,2711.5,414.7,-2726.8,-593.6,4466.3,-3213.5,2917,888.3,983.3,2493.6,,
0,1.0333,-2985.6,782.8,-3138.9,-1389,-1056.7,-878.5,-2144,997.4,22516.5,7,-6045.4,-1165.1,-2316.9,-2043.4,-835.1,,
0,1.0367,-254.4,-82.5,-2023.1,-292.9,283,863.3,545.5,-461.8,6593.7,995.8,-5971.2,-413.8,-886,-187.7,1111.3,,
0,1.04,-3011.2,-5283.8,-5982.2,-4672.2,5203.9,6183.5,5800.5,-5627.1,-32302.5,6427.9,-3069.7,4406,3737.2,4674.3,6378,,
0,1.0433,-8480.6,-9614.3,-11054.9,-10138,8775.8,9754.2,8375.7,-9323.2,-55194.3,10862.6,-249.8,8465.8,6932.5,7677,9691.8,,
4,1.0467,-11174.9,-8737.9,-12165.8,-11217.8,7421.3,7997.1,5704.4,-7848.9,-39134.2,9860.1,-373.3,7697.9,5509.6,5821.3,7730,,
0,1.05,-8382.3,-3521.4,-8195,-6822.6,2488.6,2659.7,461.5,-2673.5,-122.2,4414.6,-3388,2860.6,890.3,964.3,2441.6,,
0,1.0533,-2880.1,831.5,-3095.8,-1334.1,-1099.3,-932,-2113.7,1034.4,22907.1,-41.6,-6342.9,-1220.6,-2312.5,-2040.7,-900.2,,
0,1.0567,-160.8,-19.6,-1945.2,-227.3,235.1,802.8,543.3,-425,7011.5,932.7,-6309,-476.8,-901.7,-193.8,1032.6,,
1,1.06,-2940.7,-5215.3,-5873.7,-4600.6,5149,6121.2,5759.4,-5584.6,-31836.5,6351.4,-3312,4338.5,3710.4,4655.5,6298.5,,
0,1.0633,-8441.9,-9554.9,-10938.9,-10079.5,8721.9,9697.4,8298.4,-9277.3,-54717.5,10787.7,-343.4,8402.1,6910.7,7656.8,9625.9,,
0,1.0667,-11165.3,-8691.8,-12067.4,-11186.8,7373.2,7944.9,5599.3,-7801.4,-38664,9797.9,-406.3,7641.7,5492.2,5804.6,7681,,
0,1.07,-8384.2,-3478.3,-8121.5,-6814.5,2441.7,2602.6,341.1,-2623.7,375.4,4361.2,-3511.3,2807,861.4,941.7,2399,,
0,1.0733,-2869.4,885.3,-3032.2,-1328.7,-1151.9,-1002.5,-2233.1,1085.4,23469.3,-99,-6628.3,-1278.5,-2361.9,-2080.3,-950,,
0,1.0767,-121,46.7,-1869.5,-205.7,177.4,722,441.7,-380,7611.9,865.2,-6679.4,-539,-958.1,-247.9,971.6,,
0,1.08,-2872.5,-5149.1,-5778.4,-4558.9,5095.1,6043.1,5685.6,-5554,-31285.8,6281.9,-3611.6,4279.3,3672.1,4603.6,6233.7,,
0,1.0833,-8360.4,-9501.8,-10839.1,-10026.8,8679.1,9632.6,8248.9,-9259.6,-54284.2,10729.5,-484.3,8352.5,6899,7621.4,9566.9,,
3,1.0867,-11087.4,-8650.7,-11988.4,-11132.3,7336.4,7891.1,5558.9,-7780,-38311.4,9753.3,-452.3,7598.5,5482.4,5781.2,7628.7,,
3,1.09,-8317.8,-3433,-8077.5,-6757.3,2394.8,2546.1,293.4,-2575.3,779.9,4316.1,-3621.6,2759.2,811.7,909.6,2345.7,,
3,1.0933,-2812.5,950.6,-3015.5,-1261.8,-1221.4,-1072.3,-2293.8,1171.6,24045,-162.7,-6912.8,-1339.1,-2473.7,-2138.4,-1010.1,,
3,1.0967,-70.2,130.5,-1858.8,-128.7,89.4,643.1,376.2,-269.3,8349.8,780,-7097.6,-607.7,-1109.4,-327.1,910.2,,
3,1.1,-2829.9,-5066.5,-5756.4,-4484.8,5008.7,5972,5627.9,-5449.3,-30531.4,6192,-4008.5,4218.7,3537.3,4528.2,6184.4,,
0,1.1033,-8330.9,-9441.2,-10803.6,-9974.6,8613.2,9582.8,8204.6,-9186.2,-53676.4,10656.8,-726.7,8313.7,6827.4,7571.4,9536.3,,
0,1.1067,-11069.6,-8614.3,-11947.9,-11111.2,7291.6,7857.7,5523,-7738.5,-37884.6,9702.4,-542.4,7579.7,5472.2,5751.3,7605.4,,
0,1.11,-8298.1,-3401.5,-8039.7,-6757.5,2352.4,2506.7,259.7,-2542.4,1159.8,4268.5,-3688.5,2742.1,810.3,866.3,2305,,
0,1.1133,-2772,1000.9,-2980.5,-1261.5,-1283.9,-1139.5,-2322.8,1223,24570.5,-231.9,-7093.9,-1375.6,-2530.6,-2232.1,-1086.9,,
0,1.1167,1.1,206.6,-1822.6,-110.2,0.4,545.1,360.9,-190.7,9103.2,682.8,-7418.4,-671.2,-1246.7,-479.8,801.6,,
0,1.12,-2737.9,-4980.3,-5717.4,-4445.3,4907.9,5861.8,5626.5,-5359.2,-29658.7,6088.1,-4362.4,4138.5,3356.5,4348.8,6069.7,,
0,1.1233,-8244.5,-9369.5,-10762.8,-9921.1,8523.9,9485.5,8193.2,-9109.8,-52906.4,10578,-963.3,8235,6678.9,7421.5,9443,,
0,1.1267,-11014.7,-8569.8,-11901.2,-11047.9,7227.4,7784.6,5460.1,-7690.5,-37386.6,9663.5,-582.1,7514.2,5420.3,5677.3,7541.5,,
0,1.13,-8284.1,-3376.4,-7973.2,-6679,2309,2449.9,113.3,-2517.8,1382.8,4253.7,-3567.8,2688.8,866.8,878.9,2254.9,,
1,1.1333,-2787.5,1025,-2876.9,-1160.5,-1320,-1197.1,-2545.1,1240.5,24656.9,-254.8,-6917.2,-1423.8,-2408.8,-2158.6,-1146.6,,
0,1.1367,-23.3,241.6,-1677.2,9.3,-37.5,478.1,114.4,-168,9208.6,630.6,-7272.1,-717.8,-1125.1,-387.9,721.9,,
0,1.14,-2755.7,-4936,-5548.1,-4327.1,4869.7,5791.3,5422.2,-5329.6,-29465.6,6012,-4266.9,4097.1,3431.2,4422.9,5979.8,,
1,1.1433,-8251.9,-9323.2,-10602.5,-9827.7,8490.6,9422.4,8069.4,-9076.7,-52648.2,10500.3,-892.9,8202.6,6699.9,7459.7,9361.2,,
0,1.1467,-11014,-8522.7,-11776.1,-10987.5,7197.8,7732,5403.5,-7652.7,-37103,9599.6,-516.4,7486.6,5411.7,5677.6,7476.4,,
0,1.15,-8274.4,-3321.5,-7884.4,-6637.2,2273.9,2398.3,73.7,-2468.4,1693.8,4198.2,-3519.9,2654.4,858.5,849,2199.3,,
0,1.1533,-2762.3,1093,-2801.5,-1112,-1368.8,-1259.4,-2614.5,1305.7,25021.6,-319.4,-6915.8,-1474,-2401.6,-2206.6,-1205.5,,
3,1.1567,23.6,315.2,-1588.6,78.9,-97.3,404,4.7,-94.2,9614.8,548.8,-7323.7,-779.6,-1105.3,-439.7,656.2,,
0,1.16,-2689,-4874.9,-5437.2,-4244.3,4811.6,5717.4,5297.7,-5263.5,-29097.3,5925.2,-4338.7,4039.5,3452.8,4380.5,5917,,
3,1.1633,-8176.3,-9288.1,-10482.4,-9752.9,8445.9,9362.6,7964.4,-9031,-52412.3,10429.4,-932.7,8164.4,6715.3,7432.1,9312.7,,
0,1.1667,-10940.8,-8508.2,-11667.6,-10935.1,7165.5,7688,5331.9,-7625,-37022,9552.5,-488.4,7468.5,5419,5658.2,7440.4,,
0,1.17,-8207.2,-3305,-7797.5,-6602,2240.9,2356.7,23.4,-2443,1705.4,4159.2,-3423.7,2641.5,857.7,822,2158.4,,
3,1.1733,-2696.5,1132.9,-2730.5,-1075.8,-1415.9,-1315.5,-2663.9,1343.8,25101.1,-375.9,-6778.6,-1500.5,-2412.8,-2256,-1271.2,,
0,1.1767,92.5,381.2,-1522.7,129.7,-159.8,327.8,-52.6,-42.1,9850.2,463,-7179.5,-828.2,-1130.6,-514.9,560.7,,
0,1.18,-2620.4,-4800.4,-5375.2,-4181.3,4745,5631.2,5239.4,-5209.3,-28719,5824.5,-4217.1,3975.1,3412.2,4290.2,5806.9,,
0,1.1833,-8117.5,-9226.1,-10433.4,-9690,8387.3,9282.3,7914.2,-8986.2,-51967.5,10341.6,-859.8,8096.6,6664.3,7345.8,9211,,
0,1.1867,-10897.5,-8464.4,-11637.8,-10877.7,7116.7,7621.8,5288.3,-7587.6,-36568.6,9493.4,-486.3,7404.4,5368.5,5594.7,7361.1,,
0,1.19,-8172.6,-3266.7,-7775.8,-6539.9,2193.7,2301,-23.4,-2399.2,2166.2,4120,-3498.1,2579.4,820.6,794.4,2099.1,,
0,1.1933,-2654.4,1182.2,-2690.2,-992,-1468.5,-1367.6,-2718.1,1405,25584.3,-418.7,-6904.4,-1563.4,-2426.6,-2240.7,-1320.8,,
2,1.1967,155.3,443.7,-1439.9,239.9,-213.2,279,-104.7,31.2,10320.2,402.1,-7304.4,-887,-1119.1,-457.9,515.6,,
2,1.2,-2538.8,-4739.1,-5248,-4061.7,4703.6,5592.2,5203.3,-5143.3,-28358.1,5752.4,-4290.9,3932.7,3441.7,4374.5,5769.3,,
2,1.2033,-8032.3,-9182.1,-10285.4,-9589.9,8364.9,9256,7893.2,-8944.2,-51798.8,10276.7,-867,8079,6697.1,7426.5,9183.9,,
2,1.2067,-10824.9,-8438,-11501,-10816.5,7103.3,7597.3,5258.3,-7568.1,-36574.5,9444.1,-452,7404.9,5389.8,5632.4,7336.6,,
0,1.21,-8116.3,-3240.6,-7667.9,-6514,2166.4,2257.4,-94.5,-2382.5,2115.7,4074.4,-3459.8,2577.5,824.9,760.4,2059.3,,
0,1.2133,-2604.9,1227.1,-2606.1,-980.2,-1527.2,-1445.8,-2841.9,1439.5,25641.9,-480.8,-6876,-1588.8,-2432.3,-2345.3,-1389.9,,
1,1.2167,208.8,510.2,-1362.7,257.1,-300.3,170.9,-254.9,87.9,10547.5,316.8,-7271.7,-942.4,-1122.5,-599.3,420.5,,
1,1.22,-2480.7,-4667.2,-5168.5,-4033.9,4610.2,5477.6,5078.8,-5077.7,-28025.6,5660.3,-4242.4,3858.3,3444.1,4242.4,5669.3,,
0,1.2233,-7979.7,-9124.2,-10210.6,-9557.3,8288.1,9160,7837.7,-8885.4,-51478.5,10203.2,-828.2,8003.5,6692.7,7334.1,9102,,
0,1.2267,-10786.3,-8397.7,-11443.7,-10780.6,7049.1,7528.5,5276.4,-7517.5,-36327.6,9399.7,-478.1,7339.4,5359,5579.6,7280.5,,
2,1.23,-8087.2,-3202.6,-7629.5,-6463.6,2122.3,2204.1,-38,-2327.2,2323.7,4044,-3583.7,2520.6,762.5,728.1,2017.6,,
0,1.2333,-2569.7,1281,-2569.4,-899.9,-1577.2,-1501.5,-2794.9,1511.8,25880.2,-523.6,-7060.8,-1642.5,-2503.8,-2370.6,-1435.3,,
0,1.2367,263,582.4,-1304,370.1,-359,105.4,-245.4,172.2,10830.7,249.3,-7423.7,-992.5,-1165.2,-612.5,363.4,,
2,1.24,-2410.4,-4593.4,-5078.9,-3906.7,4554.9,5410.1,5055.7,-5002.6,-27755.3,5581.2,-4290.3,3819.3,3449.9,4253.6,5607.2,,
0,0,0,0,0,0,0,0,0,0,0,0,0,0,0,0,0,,
